{
    "0": [
        [
            "TennisSwing",
            1.0
        ]
    ],
    "1": [
        [
            "PoleVault",
            0.5
        ],
        [
            "JavelinThrow",
            1.0
        ],
        [
            "LongJump",
            0.5
        ]
    ],
    "2": [
        [
            "BasketballDunk",
            1.0
        ]
    ],
    "3": [
        [
            "CleanAndJerk",
            1.0
        ]
    ],
    "4": [
        [
            "CricketBowling",
            1.0
        ],
        [
            "CricketShot",
            1.0
        ]
    ],
    "5": [
        [
            "Diving",
            1.0
        ],
        [
            "CliffDiving",
            0.5
        ]
    ],
    "6": [
        [
            "SoccerPenalty",
            1.0
        ]
    ],
    "7": [
        [
            "Diving",
            0.5
        ],
        [
            "PoleVault",
            1.0
        ],
        [
            "HighJump",
            1.0
        ],
        [
            "LongJump",
            0.5
        ],
        [
            "VolleyballSpiking",
            0.5
        ],
        [
            "BaseballPitch",
            0.5
        ],
        [
            "CleanAndJerk",
            0.5
        ]
    ],
    "8": [
        [
            "Billiards",
            1.0
        ]
    ],
    "9": [
        [
            "ThrowDiscus",
            1.0
        ],
        [
            "HammerThrow",
            0.5
        ]
    ],
    "10": [
        [
            "FrisbeeCatch",
            0.5
        ],
        [
            "SoccerPenalty",
            1.0
        ]
    ],
    "11": [
        [
            "Diving",
            1.0
        ]
    ],
    "12": [
        [
            "Diving",
            1.0
        ],
        [
            "CliffDiving",
            1.0
        ]
    ],
    "13": [
        [
            "ThrowDiscus",
            0.5
        ],
        [
            "FrisbeeCatch",
            0.5
        ],
        [
            "CricketBowling",
            0.5
        ],
        [
            "Billiards",
            1.0
        ],
        [
            "TennisSwing",
            0.5
        ],
        [
            "HammerThrow",
            0.5
        ]
    ],
    "14": [
        [
            "Shotput",
            1.0
        ]
    ],
    "15": [
        [
            "VolleyballSpiking",
            1.0
        ]
    ],
    "16": [
        [
            "GolfSwing",
            1.0
        ]
    ],
    "17": [
        [
            "GolfSwing",
            1.0
        ]
    ],
    "18": [
        [
            "HammerThrow",
            1.0
        ]
    ],
    "19": [
        [
            "VolleyballSpiking",
            1.0
        ]
    ]
}